5000,Edwin Rodgers,m,44,Kansas City,6
5001,Andera Burt,f,18,Dallas,8
5002,Norberto Swanson,m,59,Columbus,1
5003,Margit Barry,f,47,Bayamon,3
5004,Clemmie Swanson,f,52,Montgomery,1
5006,Julius Sutton,m,46,Riverside,2
5008,Ty Crosby,m,50,Los Angeles,1
5009,Florance Arnold,f,44,Bayamon,10
5010,Alethea Yang,f,49,Mobile,2
5011,Kam James,f,32,Glendale,1
5012,Yong Reyes,m,52,Madison,10
5014,Luis Talley,m,24,San Juan,0
5015,Bernardo O'neil,m,41,Springfield,8
5016,Tisa Garrison,f,37,Riverside,10
5017,Thora Fulton,f,51,Riverside,9
5018,Bobbie Kirkland,m,49,Madison,2
5019,Laverne Mcknight,m,53,Atlanta,6
5020,Loida Greer,f,25,Houston,9
5021,Lauralee Richards,f,36,Orlando,10
5022,Katia Ruiz,f,58,San Juan,5
5023,Malvina Reese,f,52,Savannah,2
5024,Valentin Hicks,m,34,Kansas City,7
5025,Raguel Barr,f,57,Philadelphia,0
5026,Humberto Delacruz,m,59,Glendale,5
5027,Santo Sargent,m,43,Mobile,3
5028,Sharie Freeman,f,55,Philadelphia,1
5029,Korey Ayers,m,35,Atlanta,2
5030,Dino Todd,m,57,San Diego,3
5031,Senaida Delgado,f,51,Houston,7
5032,Jenise Mcpherson,f,41,Omaha,9
5033,Larry Mcconnell,m,58,Vancouver,5
5034,Shela Craig,f,26,Madison,5
5035,Truman Savage,m,45,Orlando,1
5036,Geoffrey O'neal,m,51,Omaha,3
5037,Rogelio Hickman,m,53,Houston,2
5038,Gaylord Barker,m,49,Vancouver,3
5040,Devora Ashley,f,20,Aurora,2
5041,Chas Hutchinson,m,59,New York City,6
5042,Consuela Clark,f,58,Oxnard,9
5043,Victor Daniels,m,31,Houston,7
5044,Ghislaine Gibson,f,40,Glendale,10
5045,Kera Keller,f,33,Orlando,10
5046,Aurelio Franks,m,48,Kansas City,10
5047,Spencer Solomon,m,46,Atlanta,3
5048,Archie Ellison,m,24,Dallas,10
5049,Elton French,m,44,San Juan,4
5050,Ricarda Greene,f,30,Mobile,10
5051,Erin Herrera,m,53,Philadelphia,7
5052,Lesley Callahan,m,46,Dallas,4
5053,Mertie Fox,f,31,Dallas,4
5054,Takako Koch,f,34,Atlanta,7
5055,Issac Gomez,m,36,Oxnard,7
5056,Mitchel Trujillo,m,54,Savannah,7
5057,Herb Bolton,m,46,Kansas City,1
5058,Edra Pruitt,f,48,Orlando,10
5059,Marceline Tillman,f,28,Glendale,10
5060,Yael Nguyen,f,35,Chicago,1
5061,Marvin Vance,m,34,Springfield,2
5062,Omega Gordon,f,39,Kansas City,2
5063,Wilbert Sparks,m,30,Columbus,0
5064,Hal Perkins,m,49,Philadelphia,5
5065,Jason Burris,f,37,Los Angeles,7
5066,Tamatha Rocha,f,60,Riverside,7
5067,Else Walton,f,52,San Diego,3
5068,Joye Haley,f,26,Atlanta,10
5069,Coreen Sears,f,34,Montgomery,4
5071,Myles Hubbard,m,43,Rockford,5
5072,Merrill Cleveland,f,48,Dallas,3
5073,Maryanna Wall,f,57,Chicago,3
5074,Jimmy Chang,f,31,San Diego,3
5075,Valene Huber,f,33,Chicago,1
5076,Joaquin Glass,m,42,Columbus,3
5077,Bert Kane,m,46,Omaha,9
5078,Rickie Vega,m,47,Oxnard,0
5079,Loyd Rosa,m,20,Glendale,6
5080,Kraig Wilcox,m,52,Dallas,4
5081,Jarred Bray,m,38,Columbus,0
5082,Long Wilkins,m,48,Vancouver,5
5083,Christinia Puckett,f,28,New York City,3
5084,Ladawn Flowers,f,34,Glendale,1
5085,Elois Harvey,f,49,Vancouver,4
5087,Leif Mendez,m,18,Rockford,2
5088,Weston David,m,44,New York City,4
5089,Odell Ramsey,m,49,New York City,8
5090,Jenell Wall,f,30,Roseville,7
5091,Cornelius Francis,m,21,Oxnard,3
5092,Margaretta Hurley,f,52,Orlando,5
5093,Jerold Hurley,m,53,Madison,0
5094,Johnathon Griffith,m,24,Atlanta,2
5095,Jazmine Cross,f,35,San Juan,7
5096,Marcelo Brock,m,44,Riverside,10
5097,Eleni Marks,f,44,Vancouver,10
5098,Claris Cervantes,f,46,Columbus,7
5099,Gene Knowles,m,55,Dallas,8
5100,Virgen Rose,f,39,New York City,1
5101,Libbie Warner,f,46,Springfield,4
5102,Shonna Ashley,f,47,Orlando,7
5103,Laurine Cotton,f,39,New York City,4
5104,Galina Hoover,f,35,San Diego,10
5105,Chadwick Roach,m,30,Houston,10
5106,Sumiko Garrett,f,24,Houston,0
5107,Rupert Morales,m,28,Los Angeles,7
5108,Ezequiel Horne,m,32,Glendale,4
5110,Edmund Phillips,m,39,Los Angeles,5
5111,Chin Preston,f,26,Aurora,9
5112,Ronnie Britt,m,44,Columbus,1
5113,Sherril Ingram,f,33,San Diego,5
5115,Assunta Chandler,f,44,Riverside,1
5116,Leisha Holden,f,44,Philadelphia,10
5117,Kendall Blanchard,m,31,San Juan,3
5118,Brittaney Potter,f,36,Madison,3
5119,Kenny Hatfield,m,40,Aurora,9
5120,Gale Vinson,m,34,Atlanta,8
5123,Lloyd Lowery,m,45,Savannah,2
5124,Beau Graham,m,25,Atlanta,0
5125,Samuel Lang,m,58,Atlanta,2
5126,Ed Battle,m,52,Philadelphia,7
5127,Granville Lester,m,53,New York City,5
5128,Kristel Vaughan,f,42,San Diego,3
5129,Toney Hess,m,45,Vancouver,5
5130,Hwa Atkinson,f,38,Kansas City,2
5131,Dwight Alston,m,42,Omaha,2
5132,Michelina Carr,f,35,Dallas,3
5133,Melissia Keith,f,25,New York City,7
5134,Raye Collins,f,21,Montgomery,0
5135,Barney Moses,m,53,New York City,3
5137,Zenia Leach,f,38,Rockford,1
5138,Casey Middleton,m,56,Vancouver,7
5140,Zenobia Joyce,f,20,San Diego,6
5141,Joette Christensen,f,34,Omaha,5
5142,Vincent Fernandez,m,24,Springfield,1
5143,Sammie Guerra,m,23,Roseville,8
5144,Keturah Hinton,f,28,Rockford,4
5145,Joshua Garner,m,43,Vancouver,3
5146,Barbie Watkins,f,21,Rockford,3
5147,Lyman Clark,m,57,Chicago,1
5148,Edwin Olson,m,40,Mobile,5
5149,Asa Meyers,m,37,Rockford,10
5150,Eugenie Browning,f,58,Vancouver,5
5151,Winford Richards,m,39,Madison,10
5152,Lenard O'neal,m,60,Springfield,3
5153,Saran Carroll,f,59,Springfield,3
5154,Eufemia Rocha,f,28,Houston,10
5155,Al Kramer,m,47,Orlando,2
5156,Carlyn Mcmillan,f,32,Chicago,9
5157,Earleen Vinson,f,27,New York City,2
5158,Carline Reese,f,51,Mobile,5
5159,Cristie Moses,f,48,Springfield,4
5160,Cesar Haney,m,27,Bayamon,5
5161,Lillia Garrison,f,46,Dallas,2
5162,Sherwood Moran,m,20,Riverside,10
5163,Jay Hale,m,52,Glendale,4
5164,Marline Dorsey,f,36,Oxnard,5
5165,Stacy Barber,m,35,Los Angeles,4
5166,Rogelio Patton,m,50,Columbus,0
5167,Kerstin Carrillo,f,59,Chicago,1
5168,Lexie Goodman,f,50,Philadelphia,7
5169,Signe Lee,f,49,Kansas City,7
5170,Alfredia Frank,f,60,San Diego,8
5171,Neely Aguilar,f,21,Savannah,7
5172,Freeman Duke,m,21,Roseville,10
5174,Viki Guy,f,35,Dallas,0
5175,Everette Kaufman,m,29,Savannah,5
5176,Marquitta Gibbs,f,46,Atlanta,4
5177,Evan Morrison,f,43,Oxnard,7
5178,Latarsha Baldwin,f,58,Madison,6
5179,Dick O'neil,m,47,Roseville,0
5180,Suzi Huffman,f,56,Aurora,8
5181,Chas Bartlett,m,31,San Diego,1
5182,Antony Anderson,m,18,Houston,10
5183,Jerrod Buchanan,m,20,Atlanta,9
5184,Ricardo Moreno,m,58,Montgomery,4
5185,Sherice Neal,f,19,Oxnard,2
5186,Max Wong,m,44,Montgomery,2
5187,Mikaela Wolfe,f,49,Madison,5
5188,Alessandra Castillo,f,21,Los Angeles,7
5190,Cordell Holcomb,m,28,Kansas City,4
5191,Yolande Patrick,f,31,Riverside,1
5192,Daryl Singleton,m,54,Glendale,5
5193,Shakia Battle,f,24,Los Angeles,3
5194,Joseph Robertson,m,60,Montgomery,0
5195,Rocco Dalton,m,32,Roseville,5
5196,Lanny Alexander,m,29,Omaha,9
5197,Guy Potter,m,37,Aurora,9
5198,Deeanna Pollard,f,21,Savannah,2
5199,Jon May,m,50,Bayamon,6
5200,Necole Salas,f,25,Atlanta,3
5201,Jerry Ross,m,35,San Diego,0
5202,Pearly Watkins,f,26,Omaha,7
5203,Dacia Schultz,f,43,Oxnard,2
5204,Charlsie Lopez,f,58,Los Angeles,8
5205,Julee Dale,f,60,Omaha,8
5206,Trinh Woods,f,45,Riverside,5
5207,Chester Dominguez,m,26,Glendale,4
5208,Hannelore Eaton,f,18,Houston,2
5209,Dakota Mckinney,f,58,Atlanta,3
5210,Olimpia Hughes,f,28,Glendale,9
5211,Dylan Beck,m,39,San Diego,8
5212,Miki Navarro,f,29,Orlando,2
5213,Exie Langley,f,58,Madison,2
5214,Klara Blevins,f,55,Mobile,5
5215,Isaias Richardson,m,56,Springfield,3
5216,Roberto Moon,m,27,Rockford,9
5217,Rey Hancock,m,41,Savannah,7
5218,Doria Vaughan,f,55,Columbus,2
5219,Ezekiel Glenn,m,18,Madison,5
5220,Sid Moses,m,43,Omaha,9
5221,Emanuel Forbes,m,34,Philadelphia,9
5222,Elanor Bernard,f,42,Columbus,8
5223,Perry Rich,m,40,Chicago,0
5224,Gilberte Norris,f,44,New York City,8
5225,Damian Dean,m,52,Los Angeles,2
5226,Clair Livingston,m,30,Chicago,2
5227,Josefine Head,f,52,Philadelphia,6
5228,Fred Finley,m,46,Glendale,10
5229,Shandra Guy,f,19,Houston,6
5230,Royal Hale,m,35,Madison,5
5231,Marhta Mcmahon,f,60,Riverside,8
5232,Cheryll Reyes,f,38,Savannah,2
5233,Gale Fletcher,m,47,Madison,3
5234,Armand Chapman,m,57,Chicago,5
5235,Douglas Boyle,m,55,Philadelphia,5
5236,Soo Dickson,f,58,Glendale,3
5237,Olin Newman,m,34,Philadelphia,1
5239,Miyoko Morin,f,48,San Diego,5
5240,Shanelle Gardner,f,27,Vancouver,1
5241,Armand Richardson,m,48,Mobile,6
5242,Son Blanchard,f,23,Springfield,6
5243,Berneice Velazquez,f,26,Philadelphia,7
5244,Marcelene Whitley,f,46,Bayamon,9
5245,Genny Dodson,f,31,Savannah,0
5246,Yer Summers,f,28,Columbus,5
5247,Erlene Hudson,f,51,Columbus,9
5248,Roseline Gallagher,f,56,Omaha,8
5249,Lamar Bolton,m,32,Savannah,7
5250,Lincoln Jenkins,m,28,Los Angeles,2
5251,Pamelia Harris,f,25,Orlando,3
5252,Hanh Barnes,f,24,Rockford,6
5253,Whitney Downs,m,54,San Diego,2
5254,Apolonia Leblanc,f,30,Riverside,0
5255,Dean Freeman,m,36,Savannah,6
5256,Lashaun Camacho,f,58,Madison,5
5257,Xavier Blevins,m,55,Roseville,3
5258,Augustine Gray,m,40,Montgomery,4
5259,Angila Forbes,f,18,Roseville,0
5260,Melvin Huber,m,52,Philadelphia,2
5261,Modesto Guzman,m,48,Omaha,3
5262,Linsey Becker,f,28,Glendale,1
5263,Rachele Fry,f,43,Kansas City,3
5264,Wallace Rollins,m,47,Rockford,6
5265,Donella Vincent,f,36,Mobile,6
5266,Kevin Graves,f,27,Savannah,6
5267,Fredda Elliott,f,60,Montgomery,9
5268,Julio Gross,m,26,Dallas,10
5269,Burl Curry,m,50,Mobile,3
5270,Jen Butler,f,33,Chicago,9
5271,Travis Quinn,m,29,San Juan,5
5272,Neomi Mccall,f,49,Aurora,5
5273,Adrian Kerr,m,51,Riverside,10
5274,Brent Wood,m,27,Montgomery,0
5275,Odis Mcguire,m,40,New York City,9
5276,Dorian Benson,f,52,Springfield,5
5277,Morgan Graves,m,32,Roseville,8
5278,Leif Glover,m,26,Los Angeles,0
5279,Connie Patrick,m,52,Rockford,2
5280,Heidy Pugh,f,52,Riverside,7
5281,Clifford Bridges,m,56,Oxnard,3
5282,Serina Lee,f,46,Kansas City,10
5283,Vernetta Petersen,f,18,Oxnard,2
5284,Francina Mcgee,f,58,Glendale,9
5285,Eugene Mccray,m,26,Springfield,8
5286,Joselyn Newton,f,21,San Diego,8
5287,Clementina O'donnell,f,48,Omaha,6
5288,Reggie Erickson,m,18,Columbus,10
5289,Mike Hardy,f,52,Orlando,0
5290,Krysta Brady,f,53,Madison,2
5291,Carmelo Brennan,m,52,Dallas,5
5292,Earnest Black,m,33,Springfield,10
5293,Genaro Gonzales,m,60,Riverside,1
5294,Zachariah Webb,m,30,Philadelphia,9
5295,Marcus Hawkins,m,60,Springfield,1
5296,Kaila Marks,f,45,Montgomery,3
5297,Danika Patton,f,53,Orlando,7
5298,Enda Massey,f,60,San Diego,8
5299,Mason Fitzpatrick,m,57,Rockford,7
5300,Cira Burton,f,55,San Diego,1
5301,Isobel Rutledge,f,39,Riverside,6
5303,Randa Peterson,f,20,Kansas City,2
5304,Prince Cox,m,36,Omaha,0
5305,Myron Bartlett,m,20,Dallas,5
5306,Bryant Clarke,m,50,Glendale,3
5307,Jacinto Hamilton,m,53,Chicago,2
5308,Dorotha Gaines,f,33,Rockford,7
5309,Flavia Riley,f,37,Bayamon,9
5310,Demetrius Prince,f,21,Orlando,6
5311,Margrett Summers,f,52,Los Angeles,8
5312,Kip House,m,44,Atlanta,5
5313,Rickey Haney,m,29,Columbus,3
5314,Jessenia Mendoza,f,25,Vancouver,4
5315,Renetta Ward,f,29,Atlanta,2
5316,Divina Bauer,f,29,Madison,7
5317,Keven Ratliff,m,29,New York City,0
5318,Terresa Tillman,f,51,Madison,1
5319,Azzie Acosta,f,58,New York City,4
5320,Caleb Robles,m,18,Roseville,8
5321,Orlando Richardson,m,57,Oxnard,9
5322,Lorriane Hernandez,f,60,Roseville,1
5323,Tracey Knapp,m,30,Montgomery,5
5324,Clarinda Holmes,f,18,Springfield,4
5325,Vicente Gallagher,m,51,Mobile,0
5326,Donald Colon,m,21,San Diego,10
5327,Dannette Bradshaw,f,32,San Diego,7
5328,Gerald Potts,m,25,Mobile,2
5329,Myles Wolfe,m,57,Columbus,2
5330,Sheryll Albert,f,57,Los Angeles,10
5331,Isaac Macdonald,m,57,New York City,2
5332,Clinton Sanders,m,41,Omaha,0
5333,Bradford Lynn,m,28,Kansas City,5
5334,Isidro Morales,m,30,Springfield,9
5335,Bradley Kinney,m,27,Omaha,1
5336,Jennefer Hurley,f,18,Los Angeles,7
5337,Carlena England,f,38,San Diego,8
5338,Angila Farrell,f,37,Philadelphia,5
5339,Ailene Soto,f,38,San Juan,3
5340,Letty Molina,f,38,Oxnard,6
5341,Cary Henry,m,33,Omaha,9
5342,Kendall Henry,m,20,Columbus,7
5343,Billie Watson,m,18,Riverside,0
5344,Kaila Drake,f,24,Orlando,10
5345,Sachiko Ayala,f,32,Madison,3
5346,Daysi Jacobson,f,35,Philadelphia,3
5347,Ronny O'neill,m,19,San Juan,4
5348,Marlen Burnett,f,23,Dallas,1
5349,Reinaldo Spears,m,60,Chicago,6
5350,Earl Shaffer,m,33,Bayamon,2
5351,Barton Marsh,m,60,Aurora,2
5352,Livia Blackwell,f,46,Savannah,10
5353,Sulema Neal,f,42,Houston,7
5354,Davis Mccoy,m,55,San Diego,10
5355,Darby Massey,f,42,Aurora,0
5356,Angelika Davidson,f,55,Omaha,0
5357,Aldo Weiss,m,35,Montgomery,0
5358,Rosy Green,f,35,Kansas City,9
5359,Carolyne Malone,f,24,Madison,4
5360,Samira Rhodes,f,21,Los Angeles,4
5361,Arvilla Hammond,f,59,Kansas City,1
5362,Roberto Ellison,m,41,Glendale,10
5363,Estefana Davis,f,19,Orlando,0
5364,Rima Duncan,f,50,Los Angeles,3
5365,Mirtha Alexander,f,19,Savannah,5
5366,Bruna Clayton,f,32,Philadelphia,0
5367,Johnie Parks,m,54,Savannah,3
5369,Cherilyn Hensley,f,25,Montgomery,1
5370,Theron Pittman,m,35,Savannah,5
5371,Jamee Robbins,f,21,Savannah,4
5372,Demetrius Gill,m,39,Oxnard,4
5373,Emmitt Bender,m,21,Omaha,5
5374,Lucius Martin,m,34,Mobile,10
5375,Arnold Aguirre,m,37,Springfield,1
5376,Russ Buchanan,m,49,Oxnard,2
5377,Dusti Conway,f,55,Omaha,0
5378,Britta Paul,f,27,New York City,3
5379,Burt Kennedy,m,26,Glendale,3
5380,Andreas Roy,m,42,Madison,1
5381,Waneta Richard,f,24,Omaha,5
5382,Bryon O'neal,m,18,Philadelphia,7
5383,Andrea Blackburn,m,36,San Juan,2
5384,Eryn Small,f,23,Vancouver,8
5385,Anton Mccarthy,m,22,Kansas City,6
5386,Antony Benjamin,m,59,Rockford,10
5387,Chara Holcomb,f,56,Orlando,9
5388,Jerry Castillo,m,20,Houston,9
5389,Jenine Lane,f,18,Bayamon,8
5390,Bobby Ortega,m,19,Atlanta,1
5391,Christopher Cooke,m,43,Orlando,3
5392,Raisa Briggs,f,44,New York City,5
5393,Cedric Lyons,m,22,Rockford,7
5394,Randy Page,m,32,Los Angeles,10
5395,Barbar Workman,f,18,Roseville,7
5396,Lance Brewer,m,19,Bayamon,2
5397,Ellamae Greer,f,58,Roseville,1
5398,Becki Sharpe,f,26,New York City,8
5399,Domenic Terrell,m,35,Mobile,9
5400,Jess Cline,m,20,Atlanta,9
5401,Laurene Golden,f,49,Vancouver,9
5402,Nguyet Maddox,f,49,Los Angeles,2
5403,Kermit Torres,m,57,Oxnard,3
5404,Caprice Hewitt,f,26,Columbus,6
5405,Dalene Dominguez,f,28,Roseville,1
5406,Octavio Poole,m,31,New York City,7
5407,Leia Mcdonald,f,55,Vancouver,10
5408,Carey Shannon,m,49,Omaha,8
5409,Rudolph Bryan,m,57,San Juan,8
5410,Jason Coleman,m,36,Savannah,1
5411,Sammy Gilbert,m,22,Omaha,4
5412,Thu Woodward,f,56,Madison,1
5413,Willodean Benson,f,28,Roseville,8
5414,Walton Wagner,m,42,Houston,6
5415,Sammie Ware,m,28,Rockford,1
5416,Armandina Roberson,f,40,Riverside,5
5417,Frederick Molina,m,18,Vancouver,4
5418,Argentina Wilder,f,51,Bayamon,6
5419,Anderson Riley,m,45,Springfield,10
5420,Melodi Bullock,f,49,Atlanta,3
5421,Elza Francis,f,21,Vancouver,8
5422,Berry Moody,f,22,Roseville,6
5423,Tequila West,f,51,New York City,8
5424,Kym Small,f,33,Oxnard,9
5425,Vaughn Clayton,m,36,San Juan,5
5426,Cassy Pittman,f,34,New York City,7
5427,Joaquin Burton,m,29,Springfield,5
5428,Hermina England,f,30,Rockford,1
5429,Glen Wilcox,m,23,Riverside,6
5430,Warner Davis,m,47,Roseville,6
5431,Emmett Nunez,m,30,Glendale,5
5432,Carolin Skinner,f,36,Los Angeles,2
5433,Bethanie Wynn,f,44,Savannah,3
5434,Ema Pennington,f,40,San Diego,2
5435,Loris Davis,f,18,Riverside,7
5436,Shanae Albert,f,56,New York City,8
5437,Dave Hensley,m,41,Houston,10
5438,Elinore Horne,f,29,Kansas City,8
5439,Cary Todd,m,55,Glendale,10
5440,Gwyneth Dalton,f,35,San Diego,3
5441,Jaleesa Perry,f,60,Chicago,5
5442,Michaele Anthony,f,56,Mobile,3
5443,Eusebia Gonzalez,f,21,Chicago,9
5444,Kelly Wood,m,31,Glendale,8
5446,Reinaldo Ferrell,m,48,Springfield,8
5447,Kam Galloway,f,51,Springfield,5
5448,Claribel Fields,f,41,Philadelphia,1
5449,Jason Bailey,f,34,Glendale,10
5450,Chere Duke,f,32,Houston,10
5451,Janessa Weaver,f,23,Omaha,8
5452,Leonia Wall,f,45,Chicago,10
5453,Kareen Fry,f,32,Oxnard,1
5454,Shaunta Davidson,f,33,Dallas,3
5455,Jesus Roth,m,43,Oxnard,0
5456,Martin Harrell,f,20,Montgomery,6
5457,Ruthe Owen,f,46,Dallas,2
5458,Georgann Rios,f,40,Mobile,5
5459,Darin Ferguson,m,54,Kansas City,5
5460,Mafalda Irwin,f,46,Los Angeles,10
5461,Macie Stanton,f,34,Roseville,8
5462,Ewa Parker,f,23,Dallas,6
5463,Ned Hogan,m,34,Roseville,9
5464,Kelsie Horton,f,51,Montgomery,2
5465,Jaymie Hebert,f,37,Philadelphia,0
5466,Leopoldo Price,m,50,Philadelphia,6
5467,Boyd Whitney,m,51,Montgomery,4
5469,Jeromy Pitts,m,21,Philadelphia,7
5470,Carrol Bowers,m,44,Savannah,8
5471,Thurman Barry,m,57,Kansas City,9
5472,Raina Cochran,f,40,Philadelphia,9
5473,Julian Moses,f,42,Glendale,1
5474,Joseph Hess,m,23,San Juan,5
5475,Sommer Lindsay,f,51,Glendale,4
5476,Hien Massey,f,27,Omaha,10
5477,Lindsay Owens,m,56,Orlando,2
5478,Donnell Brown,m,41,Omaha,6
5479,Eldon Valencia,m,23,Chicago,8
5480,Stevie Ewing,m,48,Houston,7
5481,Cythia Curtis,f,54,Dallas,10
5482,Kallie Estes,f,57,Roseville,3
5483,Micheal Ferguson,f,28,Los Angeles,1
5484,Ward Weiss,m,18,San Juan,5
5485,Ellis Hendricks,m,41,Springfield,0
5486,Quinn Baldwin,f,29,Aurora,5
5487,Sherrell Small,f,21,Los Angeles,9
5488,Nguyet Cruz,f,19,Aurora,4
5489,Elroy Valenzuela,m,53,Chicago,10
5490,Tobi Hayes,f,37,Madison,0
5491,Tammara Dejesus,f,60,Vancouver,0
5492,Berry Crawford,f,44,Bayamon,9
5493,Arianne Hess,f,53,Vancouver,5
5494,Clotilde Guthrie,f,57,Atlanta,2
5495,Marshall O'neill,f,56,New York City,7
5496,Courtney Hayden,m,59,Glendale,10
5497,Teisha Kirkland,f,46,Springfield,9
5498,Josue Rodgers,m,37,Savannah,7
5499,Chung Hurley,m,24,San Diego,3
5500,Cole Travis,m,43,Savannah,8
5501,Zandra George,f,22,Mobile,7
5502,Ching Cox,f,45,Mobile,10
5503,Corliss Delacruz,f,44,Springfield,10
5504,Prince Kerr,m,57,Omaha,1
5505,Marg Giles,f,50,New York City,0
5506,Harold Roach,m,45,Los Angeles,0
5507,Tamie Hood,f,19,Dallas,2
5508,Darrel Bennett,m,39,Columbus,10
5510,Tomi Mejia,f,29,Atlanta,3
5511,Maryetta Tran,f,36,Houston,7
5512,Michel Newman,m,41,Vancouver,10
5513,Neta Short,f,42,Chicago,7
5514,Trudi Huber,f,35,Columbus,7
5515,Carlena Hunt,f,42,Glendale,9
5516,Rich Meyer,m,44,New York City,10
5517,Max Boyer,m,29,Oxnard,8
5518,Madelaine Woods,f,40,Rockford,4
5520,Lavelle Lowe,f,47,San Juan,7
5521,Krysten Pickett,f,33,Dallas,10
5522,Cyril Parks,m,57,Omaha,7
5523,Joya Bright,f,18,Montgomery,1
5524,Karima Maxwell,f,37,Kansas City,1
5525,Shavonda Howard,f,28,Madison,6
5526,Dustin Brooks,m,26,Vancouver,0
5527,Karl Bright,m,24,Oxnard,0
5528,Vanda Gardner,f,37,Riverside,4
5529,Harris Pacheco,m,42,New York City,4
5530,Lexie Allison,f,25,San Juan,10
5531,David Bonner,m,41,Orlando,3
5532,Youlanda Brady,f,50,San Juan,4
5533,Willene Klein,f,20,Philadelphia,10
5534,Carmen Garcia,m,50,Houston,6
5535,Jeanmarie Little,f,18,Mobile,5
5536,Elizabet Hull,f,25,Orlando,5
5537,Elias Morgan,m,21,Savannah,1
5538,Oren Sherman,m,26,Atlanta,7
5539,Cris Douglas,f,28,Kansas City,0
5540,Birgit Whitehead,f,28,San Diego,10
5541,Laurence Hyde,m,31,Roseville,3
5542,Bernard Cherry,m,22,Dallas,10
5543,Austin Montoya,m,29,Oxnard,3
5544,Leia Medina,f,28,Oxnard,8
5545,Charlena Trujillo,f,52,Chicago,1
5546,Reuben Fisher,m,47,Glendale,6
5547,Erline Gamble,f,46,Bayamon,3
5548,Laronda Contreras,f,54,Philadelphia,8
5549,Werner Acosta,m,22,Philadelphia,5
5550,Arminda Gilliam,f,24,Houston,9
5551,Leonel Aguilar,m,57,Vancouver,2
5552,Allan Colon,m,31,Bayamon,1
5553,Marc House,m,56,Mobile,4
5554,Alden Ellison,m,54,Omaha,3
5555,Irving Dorsey,m,31,Riverside,3
5556,Jene Moss,f,19,Aurora,4
5557,Timothy Estrada,f,52,Bayamon,7
5558,Ervin Wise,m,60,San Juan,5
5559,Mitchell Barlow,m,50,Columbus,5
5560,Lilliam Lester,f,57,Montgomery,3
5561,Shanelle Alexander,f,30,Orlando,8
5562,Lenita Hartman,f,28,Roseville,7
5563,Wilburn Franklin,m,47,Rockford,6
5564,Leena Logan,f,19,Columbus,3
5565,Byron Vaughan,m,34,Mobile,5
5566,Issac Thornton,m,46,Los Angeles,8
5567,Le Chen,f,55,Orlando,10
5568,Lonna Brooks,f,40,Houston,10
5569,Thurman Clarke,m,33,San Juan,2
5570,Leslie Armstrong,m,50,Riverside,4
5571,Ronny Mcpherson,m,21,Riverside,2
5572,Francisco Castro,m,37,Dallas,1
5573,Hermine Fitzpatrick,f,42,Springfield,7
5574,Bradly Hammond,m,39,Springfield,4
5575,Alfredo Middleton,m,52,Houston,8
5576,Chadwick Barry,m,46,Orlando,1
5577,Clair Reilly,m,33,Savannah,2
5578,Kris Avila,m,20,Oxnard,2
5579,Cory Pittman,m,49,Aurora,9
5580,Maida Mckenzie,f,49,Vancouver,4
5581,Cornell Raymond,m,60,Montgomery,10
5582,Jerome Harris,m,18,Roseville,8
5583,Lizeth Gibbs,f,54,Orlando,4
5584,Gene Saunders,m,40,Aurora,0
5585,Cedric Johns,m,23,Orlando,3
5586,Forrest Baird,m,53,Dallas,3
5587,Emmanuel Conway,m,39,Orlando,7
5588,Tyrell Clements,m,30,Dallas,9
5589,Maybell Vaughn,f,54,Springfield,4
5590,Claretta Jefferson,f,60,San Diego,5
5591,Eric Greene,m,27,Savannah,3
5592,Minta Sutton,f,57,Rockford,8
5593,Herman Dickerson,m,48,Mobile,4
5594,Adriene Patton,f,38,Montgomery,2
5595,Danilo Henry,m,39,Rockford,6
5596,Antonia Cantrell,m,53,New York City,6
5598,Edmond Simmons,m,33,San Juan,6
5599,Miguel Preston,m,45,Springfield,8
5600,Jan Higgins,m,28,Philadelphia,3
5601,Eddy Waters,m,54,San Diego,7
5602,Ebonie Morse,f,30,Orlando,9
5603,Shenna Decker,f,18,New York City,3
5604,Noel Bradshaw,m,22,Kansas City,0
5605,Boyd Conway,m,57,Glendale,0
5606,Gerard Salazar,m,21,Oxnard,6
5607,Penney Drake,f,30,Kansas City,3
5608,Layne Christian,f,34,Madison,1
5609,Lezlie Garza,f,37,Los Angeles,9
5610,Coretta Poole,f,47,San Juan,8
5611,Gertude Hebert,f,28,Dallas,4
5612,Rigoberto Burke,m,45,Mobile,8
5613,Lynsey Hess,f,25,Riverside,7
5614,Lauran Flynn,f,50,New York City,7
5615,Claris Brooks,f,30,Roseville,3
5616,King Fulton,m,23,San Diego,10
5617,Mike Rosario,m,48,Riverside,0
5618,Conception Rasmussen,f,56,Springfield,10
5619,Delaine Ware,f,60,Springfield,1
5620,Joye Holder,f,38,Montgomery,7
5621,Vivan Petty,f,26,Omaha,4
5622,Milton Erickson,m,24,Dallas,0
5623,Gail Maynard,m,57,San Diego,4
5624,Agnus Ballard,f,58,Orlando,1
5625,Tennie Marquez,f,42,Springfield,1
5626,Francisco Delacruz,m,22,Riverside,9
5627,Miki Morse,f,23,Dallas,10
5628,Bart Miles,m,60,San Diego,1
5629,Xochitl Harrell,f,32,Bayamon,8
5630,Gertude Hardin,f,20,Columbus,2
5631,Merrilee Goodman,f,55,Rockford,10
5632,Pamella Brewer,f,40,Orlando,10
5633,Jarod Long,m,41,San Juan,7
5634,Heike Williams,f,30,Kansas City,6
5635,Whitney Lang,m,53,New York City,2
5636,Jesusita Harvey,f,39,San Diego,4
5637,Tawny Sweeney,f,31,Los Angeles,2
5638,Johnathan Leach,m,24,San Diego,6
5639,Margit Rodriguez,f,60,Vancouver,2
5640,Adah Bradshaw,f,44,Roseville,1
5641,Manual Buckley,m,46,Philadelphia,5
5642,Chas Benton,m,60,Riverside,6
5643,Jack Harrison,m,39,Rockford,0
5644,Maria Head,m,27,Chicago,4
5645,Chris Haney,m,28,Houston,10
5646,Hyacinth Alston,f,32,Madison,4
5647,Zane Cannon,m,42,Madison,9
5648,Berry Garcia,f,50,Dallas,1
5649,Nelson Montoya,m,38,Roseville,0
5650,Royce Hale,f,28,San Juan,9
5651,Mauro Cain,m,59,Atlanta,1
5652,Sana Harper,f,56,San Diego,4
5653,Brendan Kirk,m,53,Springfield,10
5654,Emil Burks,m,42,Riverside,0
5655,Emerita Powers,f,54,Houston,4
5657,Roselia House,f,35,Vancouver,4
5658,Tracy Branch,m,27,Madison,7
5659,Mark Vinson,m,18,Madison,1
5660,Latesha Vaughan,f,25,Philadelphia,2
5661,Margert Wilkins,f,28,Roseville,2
5662,Marylynn Savage,f,39,Roseville,1
5663,Parker Holder,m,56,Madison,6
5664,Naoma Hawkins,f,38,Riverside,1
5666,Ewa Britt,f,37,Savannah,6
5667,Bryce Anderson,m,51,Glendale,2
5668,Son White,m,50,Los Angeles,4
5669,Alyse Russo,f,27,Chicago,8
5670,Dudley Herring,m,32,Roseville,6
5671,Alec French,m,55,Columbus,1
5672,Bryce Bolton,m,44,New York City,3
5673,Jeanett Padilla,f,38,Madison,9
5674,Cleora Peters,f,53,Atlanta,5
5675,Cliff Dominguez,m,28,Dallas,7
5677,Leonida Humphrey,f,51,Rockford,9
5678,Melynda Mcconnell,f,24,Chicago,8
5679,Jonas Ewing,m,22,Los Angeles,0
5680,Isadora Dillard,f,44,Orlando,4
5681,Son Gilbert,f,38,Philadelphia,7
5682,Julian Guy,m,43,Savannah,8
5683,Kimberlie Cotton,f,46,Glendale,2
5684,Dallas Tyson,f,21,Dallas,6
5685,Tenesha Beard,f,32,Columbus,7
5686,Oliva Parks,f,54,New York City,9
5687,Lemuel Simpson,m,43,Philadelphia,0
5688,Josef Aguilar,m,22,Roseville,7
5689,Lavenia Wise,f,28,Madison,10
5690,Walter Hall,m,30,Madison,3
5692,Latarsha Sharpe,f,49,Atlanta,9
5693,Jarvis Benjamin,m,40,Los Angeles,8
5694,Gigi Winters,f,41,Roseville,5
5695,Felix Farmer,m,57,Omaha,9
5696,Troy Houston,m,48,Riverside,5
5697,Diego Alford,m,54,Houston,10
5698,Emerald Steele,f,55,Glendale,9
5699,Lacy Puckett,m,48,Omaha,7
5701,Elroy Mills,m,24,Chicago,9
5702,Lisabeth Munoz,f,19,Aurora,4
5704,Errol Dillon,m,36,Columbus,7
5705,Pat Randall,m,20,Vancouver,10
5706,Mandie Burt,f,29,Vancouver,9
5707,Christopher Pittman,m,42,Aurora,4
5708,Claude Nunez,m,54,Madison,6
5709,Refugio Higgins,m,18,Dallas,3
5711,Audrea Brown,f,57,Vancouver,5
5712,Ying Bennett,f,18,San Juan,1
5713,Shanita Salinas,f,41,Philadelphia,6
5714,Dorian Booker,f,39,Montgomery,7
5715,Bruno Lee,m,60,San Diego,0
5716,Sang Underwood,m,34,New York City,5
5717,Marlin Harding,m,24,Omaha,3
5718,Olimpia Velazquez,f,41,Chicago,2
5719,Raleigh Daniel,m,22,Chicago,1
5720,Shawn Powell,m,48,Orlando,2
5721,Lionel Hammond,m,25,Dallas,0
5722,Dane Valencia,m,57,Los Angeles,2
5723,Nicholas Mejia,m,45,Rockford,3
5724,Armand Roach,m,32,Bayamon,9
5725,Calvin Cook,m,35,Aurora,0
5726,Forest Manning,m,18,Madison,9
5727,Tomas Reed,m,51,Philadelphia,7
5728,Young Craig,m,32,Mobile,3
5729,Ernie Ferrell,m,30,Aurora,9
5730,Vern Rich,m,25,Atlanta,8
5731,Kaila Sears,f,20,Philadelphia,8
5732,Isidra Savage,f,53,Los Angeles,1
5733,Geraldo Moses,m,44,Dallas,2
5734,Rory Collins,f,31,Atlanta,0
5735,Sadye Snow,f,42,New York City,6
5736,Shalanda Blankenship,f,47,Glendale,8
5737,Dahlia Ballard,f,39,Rockford,0
5738,Idell Rasmussen,f,31,Omaha,0
5739,Illa Marshall,f,49,Rockford,1
5740,Elmo Cardenas,m,49,Atlanta,7
5741,Ludie Wong,f,25,Orlando,8
5742,Prince Mercado,m,48,Roseville,9
5743,Robbyn Mcdowell,f,20,Mobile,7
5744,Ivan Sargent,m,44,Dallas,2
5745,Loyd Huffman,m,49,Glendale,0
5746,Gregory Wynn,m,60,Omaha,0
5747,Tiffiny Cannon,f,24,Oxnard,0
5748,Arianna May,f,39,Springfield,2
5749,Jonelle Lewis,f,42,San Juan,10
5750,Adrian Walter,m,19,Philadelphia,3
5751,Angelyn Hendrix,f,46,Atlanta,9
5752,Brittaney King,f,37,Aurora,2
5753,Esteban Bird,m,29,New York City,8
5754,Audria Shannon,f,51,Roseville,5
5755,Samuel Skinner,f,44,San Diego,6
5756,Elias Shepherd,m,22,San Diego,9
5757,Sherman O'brien,m,35,Rockford,5
5758,Markus Tyson,m,31,San Diego,6
5759,Maisha Merritt,f,31,Roseville,10
5760,Hugo Alford,m,44,Savannah,9
5761,Shaunta Perkins,f,28,Columbus,1
5762,Jude Sellers,m,48,Columbus,5
5763,Raymond Kirk,m,24,Springfield,8
5764,Stephan Waters,m,46,New York City,1
5765,Shirley Rasmussen,m,37,Bayamon,4
5766,Edgardo Roberson,m,26,San Juan,6
5767,Leland Thompson,m,40,Los Angeles,10
5768,Ivory Gill,m,26,San Diego,1
5769,Arlinda Stark,f,31,Columbus,3
5771,Jerlene Hubbard,f,28,Columbus,9
5772,Earlean Cohen,f,49,Springfield,7
5773,Stacy Mcknight,m,19,San Diego,4
5774,Janae Holden,f,55,Atlanta,3
5775,Moses Bryan,m,59,Rockford,3
5777,Sudie Glover,f,18,Bayamon,0
5778,Mora Blake,f,35,Oxnard,10
5779,Gwyn Mccoy,f,31,Rockford,0
5780,Coy Garrett,m,50,San Diego,1
5781,Kayleigh Hull,f,50,Savannah,8
5782,Eusebio Larsen,m,51,Dallas,10
5783,Carey Ortega,m,54,Glendale,8
5784,Teodoro Battle,m,33,Glendale,1
5785,Twanna O'neill,f,37,Aurora,7
5786,Melvin Osborn,m,38,Madison,1
5787,Kathe Day,f,22,Springfield,7
5788,Brendon Zamora,m,24,Roseville,3
5789,Melvin Tate,m,47,Oxnard,0
5790,Donny Hudson,m,25,Savannah,3
5791,Arcelia Meyer,f,48,Kansas City,2
5792,Bobbye Pate,f,33,Orlando,8
5793,Carmelo Hardin,m,23,Kansas City,0
5794,Benny Chavez,m,60,Mobile,10
5795,Chuck Graham,m,49,San Diego,7
5796,Ashley Bonner,m,29,Atlanta,4
5797,Stanford Gilbert,m,23,Glendale,4
5798,Raymonde Strong,f,30,San Diego,4
5799,Weldon Chavez,m,47,Los Angeles,1
5800,Tamesha Hensley,f,50,Rockford,0
5801,Raleigh Cox,m,30,Orlando,10
5802,Georgeann Schneider,f,23,Riverside,10
5803,Hosea Rodgers,m,26,Orlando,1
5804,Quintin Wright,m,50,Bayamon,1
5805,Oscar Gilbert,m,32,Oxnard,9
5806,Ryan Lane,m,32,Riverside,1
5807,Giuseppe Winters,m,21,Chicago,7
5808,Justin Mcmillan,m,34,Savannah,9
5809,Bunny Wong,f,41,Los Angeles,10
5810,Nick Wright,m,54,Atlanta,2
5811,Sal Morgan,m,51,Springfield,2
5812,Soo Paul,f,42,Philadelphia,6
5813,Violette Frank,f,22,Aurora,3
5814,Dusti Frost,f,46,Los Angeles,2
5815,Rodolfo Watkins,m,29,Kansas City,3
5816,Columbus Hoover,m,30,Springfield,6
5817,Kurt Camacho,m,45,Dallas,3
5818,Sanda Goff,f,40,Philadelphia,3
5819,Rory Estrada,m,37,Montgomery,8
5820,Riley Meadows,m,36,Glendale,9
5821,Mitsuko Haynes,f,52,Bayamon,3
5822,Maira Ayala,f,22,Roseville,10
5823,Rubie Craft,f,19,Oxnard,5
5824,Carrol Fulton,m,54,Riverside,3
5825,Nathaniel Mullen,m,51,Vancouver,8
5826,Norah Anderson,f,32,San Diego,7
5827,Mckinley Robles,m,25,Atlanta,7
5828,Fredda Banks,f,48,Atlanta,4
5830,Kayce George,f,18,Houston,7
5831,Demetrice Lowery,f,20,Madison,6
5832,Sergio Valdez,m,21,Orlando,7
5833,Luke Prince,m,56,Oxnard,10
5835,Abraham Huber,m,37,Vancouver,5
5836,Ethyl Abbott,f,50,Vancouver,4
5837,Larry Colon,m,57,Savannah,5
5838,Dalene Freeman,f,42,Bayamon,9
5839,Ricki Bolton,f,43,Vancouver,3
5840,Edgar Day,m,41,Roseville,4
5841,Josiah Sutton,m,50,Columbus,9
5842,Zetta Petty,f,59,Aurora,9
5843,Fred Alston,m,22,New York City,6
5844,Owen Riddle,m,43,Los Angeles,4
5845,Shirl Slater,f,36,Roseville,4
5846,Bill Richardson,m,37,Glendale,3
5847,Darrick Roth,m,55,Bayamon,9
5848,Damon Cummings,m,21,Bayamon,2
5849,Gricelda Wiggins,f,58,Bayamon,6
5850,Patrick Boone,m,58,Oxnard,9
5851,Rayna Ewing,f,25,Aurora,5
5852,Luci Solis,f,45,Mobile,9
5853,Dorie Carver,f,57,Montgomery,0
5854,Tommie Odom,m,59,Montgomery,4
5855,Israel Mcleod,m,44,Aurora,7
5856,Vern Roman,m,28,Oxnard,0
5857,Kirk Slater,m,48,Montgomery,4
5858,Lester Mann,m,44,Dallas,8
5859,Scotty Garrett,m,60,Orlando,3
5860,Tony Buck,m,37,Columbus,10
5861,Bree Daniel,f,36,Vancouver,0
5862,Sandie Schmidt,f,25,Dallas,7
5863,Jovan Bauer,f,59,Madison,8
5864,Lourie Baxter,f,36,New York City,9
5865,Shaneka Poole,f,54,Riverside,4
5866,Erin Mcintosh,m,30,Oxnard,4
5867,Armand Buckner,m,36,Rockford,9
5868,Aaron Jimenez,m,38,Chicago,10
5869,Seymour Lang,m,56,Los Angeles,1
5870,Sarina Keith,f,37,Orlando,0
5871,Elizbeth Doyle,f,21,Montgomery,4
5872,Gerald Henderson,m,22,Houston,2
5873,Shayne Manning,m,53,Aurora,5
5874,Jim Craft,m,20,Kansas City,8
5875,Bert Rollins,m,29,Mobile,4
5877,Latrina Alston,f,25,Columbus,0
5878,Jeffry Hinton,m,23,Omaha,3
5879,Emmitt Larson,m,48,Philadelphia,2
5880,Terrell Fulton,f,48,Roseville,8
5881,Reita Lopez,f,18,Springfield,5
5882,Willard Wooten,m,26,San Diego,8
5883,Hyman Stokes,m,47,Omaha,7
5884,Shela Gilbert,f,37,Savannah,3
5885,Mariano Franklin,m,31,Aurora,10
5886,Armandina Dillon,f,25,Dallas,9
5887,Marin Mckee,f,35,Roseville,9
5889,Arnold Pacheco,m,28,Atlanta,1
5890,Dusty Waller,f,58,Kansas City,5
5891,Tamisha Chase,f,57,San Diego,3
5892,Percy Guzman,m,27,Columbus,5
5893,Particia Estrada,f,28,Kansas City,9
5894,Hanh Adams,f,56,Riverside,8
5895,Elayne Wallace,f,32,Aurora,4
5896,Ricky Hardin,m,46,Philadelphia,3
5897,Omar Nelson,m,49,Los Angeles,9
5898,Shawn Ortiz,m,53,Roseville,8
5899,Romaine Norman,f,53,Oxnard,7
5900,Pasquale Meyer,m,39,Springfield,3
5901,Rolando Beach,m,24,Mobile,10
5902,Katlyn Russo,f,46,Dallas,4
5903,Heide Barber,f,37,Atlanta,7
5904,Malcom Zamora,m,38,Houston,0
5905,Francisco Mcdowell,f,60,Glendale,5
5906,Joe Huff,m,42,Houston,4
5907,Jamey Price,f,49,Houston,6
5908,Jake Clarke,m,59,Riverside,9
5909,Major Leach,m,37,Glendale,10
5910,Micah Boyer,m,22,Mobile,8
5911,Nathanial Spence,m,34,Mobile,7
5912,Jina Morton,f,38,Orlando,0
5913,Jeanett Knox,f,36,Oxnard,2
5914,Dewitt Sutton,m,54,Mobile,1
5915,Leif Gross,m,38,Dallas,6
5916,Emelda Ferrell,f,33,Dallas,10
5917,Willie Mcclure,m,30,Dallas,8
5918,Luetta Adkins,f,50,Vancouver,9
5919,Robin Curry,m,44,Savannah,4
5920,Larry Gentry,m,48,San Juan,2
5921,Otto Hardin,m,36,New York City,8
5922,Ryann Ware,f,58,Roseville,4
5923,Cindie Calhoun,f,36,Columbus,10
5924,Linsey Nieves,f,41,Vancouver,5
5925,Rubi Calderon,f,45,Orlando,2
5926,Coleman Le,m,43,San Diego,6
5927,Murray O'brien,m,46,Philadelphia,10
5928,Suanne Coffey,f,51,Savannah,6
5929,Jermaine Tyler,m,31,Aurora,5
5930,Sammie Mcdowell,m,57,Dallas,7
5931,Mendy Molina,f,35,Philadelphia,10
5932,Murray Richard,m,59,Los Angeles,4
5933,Tameika Robles,f,48,San Juan,7
5934,Jerrod Norris,m,52,Glendale,5
5935,Lawrence Mueller,m,40,Vancouver,0
5936,Kanisha Downs,f,30,New York City,9
5937,Roderick Calderon,m,22,Chicago,4
5939,Noel Palmer,m,30,San Juan,3
5940,Elly Cross,f,47,Atlanta,5
5941,Katrice David,f,43,Montgomery,0
5942,Elease Conway,f,39,Columbus,6
5943,Sharolyn Vaughn,f,60,Glendale,9
5944,Russell Barker,m,41,San Diego,4
5945,Deangelo Serrano,m,33,Omaha,2
5946,Kai Ratliff,f,36,Philadelphia,3
5947,Cira Lindsay,f,49,Montgomery,8
5948,Fairy Schwartz,f,23,Montgomery,8
5949,Rosendo Lane,m,55,Houston,2
5950,Lanora Kirby,f,25,Chicago,7
5951,Shayne Colon,f,44,Bayamon,5
5952,Tomoko Bauer,f,36,New York City,6
5953,Kareem Fields,m,53,Chicago,5
5954,Boris Stone,m,23,Kansas City,0
5955,Adalberto Hamilton,m,58,Glendale,0
5956,Troy Reid,m,21,Orlando,4
5957,Katherin Roberson,f,19,Orlando,5
5958,Denny Moses,f,21,Vancouver,4
5959,Dreama Gilbert,f,24,Mobile,5
5960,Flo Francis,f,60,Bayamon,5
5961,Carletta Finley,f,27,Houston,2
5962,Linsey Dickson,f,24,Aurora,5
5963,Kraig Dale,m,22,Vancouver,4
5964,Terrell Graham,m,29,Oxnard,10
5965,Alisia Knapp,f,39,Los Angeles,10
5966,Lawanna Ryan,f,40,Glendale,2
5967,Clemente Alvarez,m,45,Columbus,1
5968,Jesus Atkins,m,18,Roseville,0
5969,Julietta Simon,f,56,Bayamon,4
5970,Chang Pierce,f,24,Savannah,1
5971,Morgan Cox,m,59,Springfield,5
5972,Yahaira Meyer,f,44,Oxnard,6
5973,Jenell Sullivan,f,46,Orlando,3
5974,Felton Sharpe,m,47,Rockford,4
5975,Donovan Chapman,m,40,Riverside,0
5976,Angelo Dickson,m,28,Madison,3
5977,Cedric Slater,m,58,Madison,6
5978,Mora Clements,f,37,Vancouver,2
5979,Tonda Kerr,f,26,Vancouver,8
5980,Kemberly Sanders,f,23,Rockford,7
5981,Willy Clemons,m,24,San Diego,0
5982,Vernon Talley,f,47,Roseville,0
5983,Tristan Townsend,f,46,Rockford,10
5984,Hollis Albert,f,30,Riverside,5
5985,Tracey Martin,m,59,Omaha,1
5986,Abram Potter,m,30,Rockford,2
5987,Pierre Marks,m,51,Roseville,4
5988,Chu Ochoa,f,53,San Diego,5
5989,Joette Mcfarland,f,55,Columbus,6
5990,Claude Oliver,f,19,New York City,8
5991,Gricelda Shepard,f,50,Chicago,8
5992,Francis Erickson,m,58,Houston,9
5993,Antone Greene,m,28,Rockford,8
5994,Gwenn Becker,f,50,Atlanta,7
5995,Edwardo Kane,m,49,Philadelphia,10
5996,Jackie Washington,m,39,Philadelphia,4
5997,Dallas Foreman,m,19,San Diego,4
5998,Lawerence O'brien,m,46,Philadelphia,10
5999,Deon Perkins,m,30,Glendale,7
6000,Valentin Gutierrez,m,30,Dallas,6
5005,Tuyet Barton,f,34,Boston,9
5007,Melani Evans,f,44,Boston,9
5013,Arron Rojas,m,37,Boston,9
5039,Eleonore Fuller,f,41,Boston,9
5070,Jina Nolan,f,29,Boston,9
5086,Nicky Mccray,f,44,Boston,9
5109,Garland Ewing,m,31,Boston,9
5114,Oswaldo Mason,m,48,Boston,9
5121,Ranee Avery,f,30,Boston,9
5122,Miquel Holt,m,59,Boston,9
5136,Contessa Morris,f,54,Boston,9
5139,Romeo Gates,m,38,Boston,9
5173,Harris Mcdowell,m,45,Boston,9
5189,Ian Daniels,m,48,Boston,9
5238,Ashlyn Morse,f,30,Boston,9
5302,Mose Evans,m,24,Boston,9
5368,Francesco Bullock,m,42,Boston,9
5445,Marguerita Villarreal,f,51,Boston,9
5468,Darren Beasley,m,35,Boston,9
5509,Lucilla Tyler,f,51,Boston,9
5519,Jacinda Sullivan,f,21,Boston,9
5597,Treasa Gentry,f,52,Boston,9
5656,Lucas Ferrell,m,47,Boston,9
5665,Rickie Kelly,m,30,Boston,9
5676,Lupe Gibbs,m,41,Boston,9
5691,Rocco Noble,m,51,Boston,9
5700,Mee Barker,f,38,Boston,9
5703,Mickey Preston,m,52,Boston,9
5710,Genna Sanford,f,39,Boston,9
5770,Dale Clarke,m,37,Boston,9
5776,Karl Sosa,m,38,Boston,9
5829,Tajuana Solomon,f,49,Boston,9
5834,Nelson Ashley,m,42,Boston,9
5876,Toney Nunez,m,20,Boston,9
5888,Darwin Owens,m,37,Boston,9
5938,Zenobia Morin,f,55,Boston,9
